<?xml version="1.0" encoding="UTF-8" ?>
<!DOCTYPE mapper PUBLIC "-//mybatis.org//DTD Mapper 3.0//EN" "http://mybatis.org/dtd/mybatis-3-mapper.dtd" >
<mapper namespace="com.rental.mapper.LocationMapper">
    <select id="showCar" resultType="com.rental.entity.Car">
        SELECT *
        FROM (
        SELECT *
        FROM car
        WHERE cid IN (
        SELECT cid
        FROM location_car
        WHERE location_id = #{id}
        )
        ) temp
        <where>
            ${ew.sqlSegment}
        </where>

    </select>
    <select id="showNoRelateCar" resultType="com.rental.entity.Car">

        SELECT *
        FROM (
        SELECT *
        FROM car
        WHERE cid NOT IN (
        SELECT DISTINCT cid
        FROM location_car
        )
        ) temp
        <where>
            ${ew.sqlSegment}
        </where>

    </select>
</mapper>